{"cameraMode":{"drawMode":0,"name":"Shaded","section":"Shading Mode"},"sceneLighting":true,"audioPlay":false,"sceneViewState":{"showFog":true,"showMaterialUpdate":false,"showSkybox":true,"showFlares":true,"showImageEffects":true,"showParticleSystems":true},"in2DMode":false,"pivot":{"x":-0.0846162810921669,"y":0.04690973088145256,"z":0.0},"rotation":{"x":-0.1778559535741806,"y":0.005015765316784382,"z":-0.0009066307102330029,"w":-0.9840431809425354},"size":0.07165157794952393,"orthographic":true}